RMSE,MAE,R2
0.2739447985779323,0.2670942561625009,-1.8521189309885533
