model,RMSE_log,MAE_log,R2_log,RMSE_NZD,MAE_NZD,R2_NZD
RandomForest,0.11099224042592576,0.09018741707276708,0.5318050237528646,109044.75279567194,88816.67613154711,0.5382617201851051
SVR,0.1511981023938638,0.12756881147869994,0.13117122745543897,145993.3812556454,125243.66079879818,0.17233865910210622
XGBoost,0.15053414312558733,0.12326157036611599,0.13878508375809173,153071.0999875006,125700.8553048208,0.09014383460551856
